{
  "mode": "chunk_level_retrieval_metrics",
  "n_queries_scored": 120,
  "retrieval_only": {
    "mrr_95ci": {
      "mean": 0.9305555555555555,
      "lo": 0.8930208333333333,
      "hi": 0.9638888888888889,
      "n": 120
    },
    "recall_at_1_95ci": {
      "mean": 0.8833333333333333,
      "lo": 0.8166666666666667,
      "hi": 0.9416666666666667,
      "n": 120
    },
    "recall_at_3_95ci": {
      "mean": 1.0,
      "lo": 1.0,
      "hi": 1.0,
      "n": 120
    },
    "recall_at_5_95ci": {
      "mean": 1.0,
      "lo": 1.0,
      "hi": 1.0,
      "n": 120
    },
    "recall_at_10_95ci": {
      "mean": 1.0,
      "lo": 1.0,
      "hi": 1.0,
      "n": 120
    }
  },
  "rerank": {
    "mrr_95ci": {
      "mean": 0.8909722222222223,
      "lo": 0.8444444444444444,
      "hi": 0.9312673611111111,
      "n": 120
    },
    "recall_at_1_95ci": {
      "mean": 0.825,
      "lo": 0.75,
      "hi": 0.8916666666666667,
      "n": 120
    },
    "recall_at_3_95ci": {
      "mean": 0.9666666666666667,
      "lo": 0.9333333333333333,
      "hi": 0.9916666666666667,
      "n": 120
    },
    "recall_at_5_95ci": {
      "mean": 0.975,
      "lo": 0.9497916666666666,
      "hi": 1.0,
      "n": 120
    },
    "recall_at_10_95ci": {
      "mean": 0.975,
      "lo": 0.9497916666666666,
      "hi": 1.0,
      "n": 120
    }
  }
}