{
  "source": "Evaluation/data/post_fix/benchmark_56/claim_annotations.csv",
  "n_claims_raw": 859,
  "n_claims_labeled": 544,
  "n_claims_complete": 539,
  "n_claims_skipped_incomplete_features": 5,
  "n_supported": 244,
  "n_unsupported": 295,
  "n_queries": 50,
  "n_papers": 9,
  "label_leakage_msa_A": {
    "supported": {
      "mean": 0.8201,
      "std": 0.3433,
      "min": 0.0,
      "max": 1.0,
      "count": 244
    },
    "unsupported": {
      "mean": 0.6072,
      "std": 0.4073,
      "min": 0.0,
      "max": 1.0,
      "count": 295
    }
  },
  "warning": "msa_A is constant within each class (1.0 supported / 0.0 unsupported). Any model using A trivially reaches 100% accuracy. The leakage-free benchmark below excludes A. The M+S+A row is retained for transparency.",
  "splits": {
    "group_by_query": {
      "n_folds": 5,
      "models": [
        {
          "model": "M-only",
          "folds": 5,
          "accuracy": {
            "mean": 0.5732639782026732,
            "lo": 0.5149598445225643,
            "hi": 0.6252889003210532,
            "n": 5
          },
          "f1_macro": {
            "mean": 0.427538685682853,
            "lo": 0.36849970660833686,
            "hi": 0.4797594610969583,
            "n": 5
          },
          "brier": {
            "mean": 0.24290920024238977,
            "lo": 0.23982235370803706,
            "hi": 0.24783637341798698,
            "n": 5
          },
          "ece": {
            "mean": 0.06993865636329752,
            "lo": 0.05061222665178496,
            "hi": 0.08752731473596186,
            "n": 5
          },
          "roc_auc": {
            "mean": 0.6139997113173399,
            "lo": 0.5772004688691512,
            "hi": 0.6449889943379232,
            "n": 5
          },
          "pr_auc": {
            "mean": 0.5667247677728138,
            "lo": 0.5060441601109231,
            "hi": 0.6346267049179668,
            "n": 5
          }
        },
        {
          "model": "S-only",
          "folds": 5,
          "accuracy": {
            "mean": 0.5471822890368718,
            "lo": 0.4982866043613708,
            "hi": 0.5895878387175651,
            "n": 5
          },
          "f1_macro": {
            "mean": 0.35298198468621267,
            "lo": 0.33247392476268606,
            "hi": 0.37088154427769504,
            "n": 5
          },
          "brier": {
            "mean": 0.24998796751168104,
            "lo": 0.2444661129514151,
            "hi": 0.255509822071947,
            "n": 5
          },
          "ece": {
            "mean": 0.060205273572297456,
            "lo": 0.04119916346348322,
            "hi": 0.08114936348358662,
            "n": 5
          },
          "roc_auc": {
            "mean": 0.5366744129242749,
            "lo": 0.47639603582999807,
            "hi": 0.5837232721930634,
            "n": 5
          },
          "pr_auc": {
            "mean": 0.48498028797964843,
            "lo": 0.44570625643173106,
            "hi": 0.5359765351654702,
            "n": 5
          }
        },
        {
          "model": "M+S",
          "folds": 5,
          "accuracy": {
            "mean": 0.5732639782026732,
            "lo": 0.5149598445225643,
            "hi": 0.6252889003210532,
            "n": 5
          },
          "f1_macro": {
            "mean": 0.427538685682853,
            "lo": 0.36849970660833686,
            "hi": 0.4797594610969583,
            "n": 5
          },
          "brier": {
            "mean": 0.2431419011232953,
            "lo": 0.23942775491130247,
            "hi": 0.2480449552028027,
            "n": 5
          },
          "ece": {
            "mean": 0.08083338606926486,
            "lo": 0.05329185262942813,
            "hi": 0.1112548262750769,
            "n": 5
          },
          "roc_auc": {
            "mean": 0.6013017575908759,
            "lo": 0.5729337747881471,
            "hi": 0.6256986677543047,
            "n": 5
          },
          "pr_auc": {
            "mean": 0.5535060997392922,
            "lo": 0.5072543013082549,
            "hi": 0.5893743023098891,
            "n": 5
          }
        },
        {
          "model": "M+S+A(leak)",
          "folds": 5,
          "accuracy": {
            "mean": 0.6361778781267764,
            "lo": 0.608203530633437,
            "hi": 0.6641522256201156,
            "n": 5
          },
          "f1_macro": {
            "mean": 0.6267157536670196,
            "lo": 0.5998373205741625,
            "hi": 0.6567812611163524,
            "n": 5
          },
          "brier": {
            "mean": 0.2259340224839801,
            "lo": 0.21476948271426793,
            "hi": 0.23704448079576035,
            "n": 5
          },
          "ece": {
            "mean": 0.09741061793209264,
            "lo": 0.05839733810720381,
            "hi": 0.1399369050928096,
            "n": 5
          },
          "roc_auc": {
            "mean": 0.6826512504025601,
            "lo": 0.6607919290351092,
            "hi": 0.7047739110497485,
            "n": 5
          },
          "pr_auc": {
            "mean": 0.6427404387547847,
            "lo": 0.6028625029410756,
            "hi": 0.6828803336682272,
            "n": 5
          }
        }
      ]
    },
    "group_by_paper": {
      "n_folds": 5,
      "models": [
        {
          "model": "M-only",
          "folds": 5,
          "accuracy": {
            "mean": 0.5315556476854164,
            "lo": 0.4542299718531521,
            "hi": 0.608678431979403,
            "n": 5
          },
          "f1_macro": {
            "mean": 0.4034824059763282,
            "lo": 0.31110439101244014,
            "hi": 0.5049592001929166,
            "n": 5
          },
          "brier": {
            "mean": 0.2490332977978571,
            "lo": 0.2396568137740043,
            "hi": 0.2588770374799096,
            "n": 5
          },
          "ece": {
            "mean": 0.12077443179749212,
            "lo": 0.05584170058290513,
            "hi": 0.1896653342647231,
            "n": 5
          },
          "roc_auc": {
            "mean": 0.6277517982289794,
            "lo": 0.5546968151782409,
            "hi": 0.6945586564007616,
            "n": 5
          },
          "pr_auc": {
            "mean": 0.5711157152495179,
            "lo": 0.46778838882926743,
            "hi": 0.7016042471013316,
            "n": 5
          }
        },
        {
          "model": "S-only",
          "folds": 5,
          "accuracy": {
            "mean": 0.5203249995615644,
            "lo": 0.4495760626519822,
            "hi": 0.5872335367480999,
            "n": 5
          },
          "f1_macro": {
            "mean": 0.38002194773084486,
            "lo": 0.31069209715936663,
            "hi": 0.4824054362949073,
            "n": 5
          },
          "brier": {
            "mean": 0.2583990744065045,
            "lo": 0.24733059329880586,
            "hi": 0.2701473696905084,
            "n": 5
          },
          "ece": {
            "mean": 0.12843664775194139,
            "lo": 0.05667355653885149,
            "hi": 0.20019973896503132,
            "n": 5
          },
          "roc_auc": {
            "mean": 0.4595914548159753,
            "lo": 0.3792596216823467,
            "hi": 0.5410675546392865,
            "n": 5
          },
          "pr_auc": {
            "mean": 0.4535684885524531,
            "lo": 0.37463367790785684,
            "hi": 0.5240708406300782,
            "n": 5
          }
        },
        {
          "model": "M+S",
          "folds": 5,
          "accuracy": {
            "mean": 0.5315556476854164,
            "lo": 0.4542299718531521,
            "hi": 0.608678431979403,
            "n": 5
          },
          "f1_macro": {
            "mean": 0.392809870788865,
            "lo": 0.31110439101244014,
            "hi": 0.49428666500545343,
            "n": 5
          },
          "brier": {
            "mean": 0.2521004972876693,