{
  "source": "Evaluation/data/post_fix/benchmark_56/judge_eval_post_fix.json",
  "overall": {
    "n_queries": 56,
    "n_queries_with_sentence_claims": 55,
    "n_claims": 546,
    "claim_support_rate": 0.4542124542124542,
    "query_level_bootstrap_ci_95": {
      "mean": 0.5052467937860488,
      "lo": 0.3973905758030508,
      "hi": 0.6178506524603518,
      "n": 56
    },
    "query_level_quantiles": {
      "min": 0.0,
      "p10": 0.0,
      "p25": 0.0,
      "median": 0.4017857142857143,
      "p75": 1.0,
      "p90": 1.0
    }
  },
  "by_stratum": {
    "factual": {
      "n_queries": 7,
      "bootstrap_ci_95": {
        "mean": 0.23633540372670808,
        "lo": 0.04347826086956522,
        "hi": 0.5220496894409938,
        "n": 7
      },
      "quantiles": {
        "min": 0.0,
        "p10": 0.0,
        "p25": 0.0,
        "median": 0.0,
        "p75": 0.32717391304347826,
        "p90": 0.6100000000000002
      }
    },
    "methodology": {
      "n_queries": 22,
      "bootstrap_ci_95": {
        "mean": 0.5146443940294207,
        "lo": 0.33113325095878576,
        "hi": 0.6913083396352111,
        "n": 22
      },
      "quantiles": {
        "min": 0.0,
        "p10": 0.0,
        "p25": 0.0,
        "median": 0.5416666666666667,
        "p75": 1.0,
        "p90": 1.0
      }
    },
    "other": {
      "n_queries": 22,
      "bootstrap_ci_95": {
        "mean": 0.5894366598313967,
        "lo": 0.418147428229665,
        "hi": 0.7600504813169285,
        "n": 22
      },
      "quantiles": {
        "min": 0.0,
        "p10": 0.0,
        "p25": 0.3333333333333333,
        "median": 0.4892857142857143,
        "p75": 1.0,
        "p90": 1.0
      }
    },
    "synthesis/comparison": {
      "n_queries": 5,
      "bootstrap_ci_95": {
        "mean": 0.46993788819875776,
        "lo": 0.29130434782608694,
        "hi": 0.6498975155279485,
        "n": 5
      },
      "quantiles": {
        "min": 0.13043478260869565,
        "p10": 0.21739130434782608,
        "p25": 0.34782608695652173,
        "median": 0.5,
        "p75": 0.5714285714285714,
        "p90": 0.7085714285714286
      }
    }
  },
  "worst_decile_queries": [
    {
      "query_id": "q1",
      "query": "What is the main idea introduced in Attention Is All You Need?",
      "support_rate": 0.0,
      "n_claims": 1
    },
    {
      "query_id": "q24",
      "query": "How does ResNet make optimization easier?",
      "support_rate": 0.0,
      "n_claims": 6
    },
    {
      "query_id": "q26",
      "query": "What is the purpose of the skip connections in U-Net?",
      "support_rate": 0.0,
      "n_claims": 1
    },
    {
      "query_id": "q28",
      "query": "Why is U-Net especially useful when labeled data is limited?",
      "support_rate": 0.0,
      "n_claims": 3
    },
    {
      "query_id": "q29",
      "query": "How does YOLOv3 perform object detection in a single-stage manner?",
      "support_rate": 0.0,
      "n_claims": 8
    },
    {
      "query_id": "q31",
      "query": "How does YOLOv3 balance speed and detection accuracy?",
      "support_rate": 0.0,
      "n_claims": 5
    },
    {
      "query_id": "q33",
      "query": "How does the Vision Transformer convert an image into tokens?",
      "support_rate": 0.0,
      "n_claims": 3
    },
    {
      "query_id": "q34",
      "query": "Why does the ViT paper argue that convolutions are not strictly necessary for image classification?",
      "support_rate": 0.0,
      "n_claims": 5
    },
    {
      "query_id": "q40",
      "query": "What kind of input representation is used for the Atari agent?",
      "support_rate": 0.0,
      "n_claims": 1
    },
    {
      "query_id": "q42",
      "query": "Why is the method in the GCN paper considered semi-supervised?",
      "support_rate": 0.0,
      "n_claims": 3
    }
  ]
}