{
  "source": "Evaluation/data/human_labels/claim_scores_scored.csv",
  "n_claims": 634,
  "n_supported": 570,
  "n_unsupported": 64,
  "n_queries": 48,
  "n_papers": 13,
  "label_leakage_msa_A": {
    "supported": {
      "mean": 1.0,
      "std": 0.0,
      "min": 1.0,
      "max": 1.0,
      "count": 570
    },
    "unsupported": {
      "mean": 0.0,
      "std": 0.0,
      "min": 0.0,
      "max": 0.0,
      "count": 64
    }
  },
  "warning": "msa_A is constant within each class (1.0 supported / 0.0 unsupported). Any model using A trivially reaches 100% accuracy. The leakage-free benchmark below excludes A. The M+S+A row is retained for transparency.",
  "splits": {
    "group_by_query": {
      "n_folds": 5,
      "models": [
        {
          "model": "M-only",
          "folds": 5,
          "accuracy": {
            "mean": 1.0,
            "lo": 1.0,
            "hi": 1.0,
            "n": 5
          },
          "f1_macro": {
            "mean": 1.0,
            "lo": 1.0,
            "hi": 1.0,
            "n": 5
          },
          "brier": {
            "mean": 0.005264424458158079,
            "lo": 0.002937495798182763,
            "hi": 0.008384085481022797,
            "n": 5
          },
          "ece": {
            "mean": 0.04131818615617596,
            "lo": 0.03449167036616006,
            "hi": 0.049952732896956065,
            "n": 5
          },
          "roc_auc": {
            "mean": 1.0,
            "lo": 1.0,
            "hi": 1.0,
            "n": 5
          },
          "pr_auc": {
            "mean": 0.9999999999999998,
            "lo": 0.9999999999999998,
            "hi": 1.0,
            "n": 5
          }
        },
        {
          "model": "S-only",
          "folds": 5,
          "accuracy": {
            "mean": 0.9071578943257093,
            "lo": 0.8698801321709787,
            "hi": 0.9429821272340957,
            "n": 5
          },
          "f1_macro": {
            "mean": 0.5607529328121391,
            "lo": 0.5035498831816438,
            "hi": 0.61694100796843,
            "n": 5
          },
          "brier": {
            "mean": 0.057366611527131926,
            "lo": 0.03971140445217292,
            "hi": 0.07704161732212064,
            "n": 5
          },
          "ece": {
            "mean": 0.1107477125798415,
            "lo": 0.08866106391184969,
            "hi": 0.12762648756207207,
            "n": 5
          },
          "roc_auc": {
            "mean": 1.0,
            "lo": 1.0,
            "hi": 1.0,
            "n": 5
          },
          "pr_auc": {
            "mean": 1.0,
            "lo": 1.0,
            "hi": 1.0,
            "n": 5
          }
        },
        {
          "model": "M+S",
          "folds": 5,
          "accuracy": {
            "mean": 1.0,
            "lo": 1.0,
            "hi": 1.0,
            "n": 5
          },
          "f1_macro": {
            "mean": 1.0,
            "lo": 1.0,
            "hi": 1.0,
            "n": 5
          },
          "brier": {
            "mean": 0.004306649825894555,
            "lo": 0.0025006151310701698,
            "hi": 0.006584376723513781,
            "n": 5
          },
          "ece": {
            "mean": 0.037331828385170164,
            "lo": 0.031657390854788824,
            "hi": 0.044410295728949306,
            "n": 5
          },
          "roc_auc": {
            "mean": 1.0,
            "lo": 1.0,
            "hi": 1.0,
            "n": 5
          },
          "pr_auc": {
            "mean": 1.0,
            "lo": 0.9999999999999998,
            "hi": 1.0,
            "n": 5
          }
        },
        {
          "model": "M+S+A(leak)",
          "folds": 5,
          "accuracy": {
            "mean": 1.0,
            "lo": 1.0,
            "hi": 1.0,
            "n": 5
          },
          "f1_macro": {
            "mean": 1.0,
            "lo": 1.0,
            "hi": 1.0,
            "n": 5
          },
          "brier": {
            "mean": 0.0009195172758997911,
            "lo": 0.0005224364823298098,
            "hi": 0.0014152215665182012,
            "n": 5
          },
          "ece": {
            "mean": 0.017652838523583896,
            "lo": 0.014641150118815704,
            "hi": 0.021445709282856357,
            "n": 5
          },
          "roc_auc": {
            "mean": 1.0,
            "lo": 1.0,
            "hi": 1.0,
            "n": 5
          },
          "pr_auc": {
            "mean": 1.0,
            "lo": 0.9999999999999998,
            "hi": 1.0,
            "n": 5
          }
        }
      ]
    },
    "group_by_paper": {
      "n_folds": 5,
      "models": [
        {
          "model": "M-only",
          "folds": 5,
          "accuracy": {
            "mean": 1.0,
            "lo": 1.0,
            "hi": 1.0,
            "n": 5
          },
          "f1_macro": {
            "mean": 1.0,
            "lo": 1.0,
            "hi": 1.0,
            "n": 5
          },
          "brier": {
            "mean": 0.005422846213421977,
            "lo": 0.002601703195097307,
            "hi": 0.009587478395774972,
            "n": 5
          },
          "ece": {
            "mean": 0.04154614740622805,
            "lo": 0.03247960573989944,
            "hi": 0.05149663513962836,
            "n": 5
          },
          "roc_auc": {
            "mean": 1.0,
            "lo": 1.0,
            "hi": 1.0,
            "n": 5
          },
          "pr_auc": {
            "mean": 1.0,
            "lo": 1.0,
            "hi": 1.0,
            "n": 5
          }
        },
        {
          "model": "S-only",
          "folds": 5,
          "accuracy": {
            "mean": 0.9049792802305816,
            "lo": 0.8716200166277366,
            "hi": 0.9359777362264643,
            "n": 5
          },
          "f1_macro": {
            "mean": 0.5243165905933388,
            "lo": 0.4871772271360533,
            "hi": 0.5704000534295064,
            "n": 5
          },
          "brier": {
            "mean": 0.056530531959598077,
            "lo": 0.04139485722298724,
            "hi": 0.07368711746008752,
            "n": 5
          },
          "ece": {
            "mean": 0.10487768340562456,
            "lo": 0.09006898055790062,
            "hi": 0.11965577488573434,
            "n": 5
          },
          "roc_auc": {
            "mean": 1.0,
            "lo": 1.0,
            "hi": 1.0,
            "n": 5
          },
          "pr_auc": {
            "mean": 1.0,
            "lo": 1.0,
            "hi": 1.0,
            "n": 5
          }
        },
        {
          "model": "M+S",
          "folds": 5,
          "accuracy": {
            "mean": 1.0,
            "lo": 1.0,
            "hi": 1.0,
            "n": 5
          },
          "f1_macro": {
            "mean": 1.0,
            "lo": 1.0,
            "hi": 1.0,
            "n": 5
          },
          "brier": {
            "mean": 0.004403525176933638,
            "lo": 0.0022297137750735157,
            "hi": 0.007709722698449962,
            "n": 5
          },
          "ece": {
            "mean": 0.03739204059155164,
            "lo": 0.02985095529197356,
            "hi": 0.04620077989599225,
            "n": 5
          },
          "roc_auc": {
            "mean": 1.0,
            "lo": 1.0,
            "hi": 1.0,
            "n": 5
          },
          "pr_auc": {
            "mean": 1.0,
            "lo": 0.9999999999999998,
            "hi": 1.0,
            "n": 5
          }
        },
        {
          "model": "M+S+A(leak)",
          "folds": 5,
          "accuracy": {
            "mean": 1.0,
            "lo": 1.0,
            "hi": 1.0,
            "n": 5
          },
          "f1_macro": {
            "mean": 1.0,
            "lo": 1.0,
            "hi": 1.0,
            "n": 5
          },
          "brier": {
            "mean": 0.0009302851624544726,
            "lo": 0.0004992087382196552,
            "hi": 0.0015398862224670095,