{
  "source": "Evaluation/data/post_fix/benchmark_56_strict/claim_annotations.csv",
  "n_claims_raw": 247,
  "n_claims_labeled": 192,
  "n_claims_complete": 187,
  "n_claims_skipped_incomplete_features": 5,
  "n_supported": 163,
  "n_unsupported": 24,
  "n_queries": 50,
  "n_papers": 6,
  "label_leakage_msa_A": {
    "supported": {
      "mean": 0.6762,
      "std": 0.2965,
      "min": 0.25,
      "max": 1.0,
      "count": 163
    },
    "unsupported": {
      "mean": 0.7188,
      "std": 0.3143,
      "min": 0.25,
      "max": 1.0,
      "count": 24
    }
  },
  "warning": "msa_A is constant within each class (1.0 supported / 0.0 unsupported). Any model using A trivially reaches 100% accuracy. The leakage-free benchmark below excludes A. The M+S+A row is retained for transparency.",
  "splits": {
    "group_by_query": {
      "n_folds": 5,
      "models": [
        {
          "model": "M-only",
          "folds": 5,
          "accuracy": {
            "mean": 0.8718349928876246,
            "lo": 0.8456614509246089,
            "hi": 0.8980085348506404,
            "n": 5
          },
          "f1_macro": {
            "mean": 0.4656231506687182,
            "lo": 0.45816783051248666,
            "hi": 0.4730784708249497,
            "n": 5
          },
          "brier": {
            "mean": 0.11227253751137163,
            "lo": 0.09285878938526974,
            "hi": 0.1316862856374735,
            "n": 5
          },
          "ece": {
            "mean": 0.03350564715060689,
            "lo": 0.016837479191696314,
            "hi": 0.048824552444117784,
            "n": 5
          },
          "roc_auc": {
            "mean": 0.5036302541544477,
            "lo": 0.38583333333333336,
            "hi": 0.6214271749755621,
            "n": 5
          },
          "pr_auc": {
            "mean": 0.8759344258182994,
            "lo": 0.8255919856578661,
            "hi": 0.9208743399311464,
            "n": 5
          }
        },
        {
          "model": "S-only",
          "folds": 5,
          "accuracy": {
            "mean": 0.8718349928876246,
            "lo": 0.8456614509246089,
            "hi": 0.8980085348506404,
            "n": 5
          },
          "f1_macro": {
            "mean": 0.4656231506687182,
            "lo": 0.45816783051248666,
            "hi": 0.4730784708249497,
            "n": 5
          },
          "brier": {
            "mean": 0.11202611712475101,
            "lo": 0.09253622894885932,
            "hi": 0.1315160053006427,
            "n": 5
          },
          "ece": {
            "mean": 0.03226511270616883,
            "lo": 0.01500495704483511,
            "hi": 0.04831557968376066,
            "n": 5
          },
          "roc_auc": {
            "mean": 0.6079069813409234,
            "lo": 0.5372537878787879,
            "hi": 0.678560174803059,
            "n": 5
          },
          "pr_auc": {
            "mean": 0.8989838998275618,
            "lo": 0.8581963863558728,
            "hi": 0.9329171958980481,
            "n": 5
          }
        },
        {
          "model": "M+S",
          "folds": 5,
          "accuracy": {
            "mean": 0.8718349928876246,
            "lo": 0.8456614509246089,
            "hi": 0.8980085348506404,
            "n": 5
          },
          "f1_macro": {
            "mean": 0.4656231506687182,
            "lo": 0.45816783051248666,
            "hi": 0.4730784708249497,
            "n": 5
          },
          "brier": {
            "mean": 0.11203649745347755,
            "lo": 0.09252417842483178,
            "hi": 0.13154881648212333,
            "n": 5
          },
          "ece": {
            "mean": 0.03223901013132049,
            "lo": 0.015057011996002312,
            "hi": 0.048294975588480504,
            "n": 5
          },
          "roc_auc": {
            "mean": 0.6068725023000404,
            "lo": 0.4706882331378299,
            "hi": 0.725544247024323,
            "n": 5
          },
          "pr_auc": {
            "mean": 0.90086272397101,
            "lo": 0.842934986979395,
            "hi": 0.9454450915279409,
            "n": 5
          }
        },
        {
          "model": "M+S+A(leak)",
          "folds": 5,
          "accuracy": {
            "mean": 0.8718349928876246,
            "lo": 0.8456614509246089,
            "hi": 0.8980085348506404,
            "n": 5
          },
          "f1_macro": {
            "mean": 0.4656231506687182,
            "lo": 0.45816783051248666,
            "hi": 0.4730784708249497,
            "n": 5
          },
          "brier": {
            "mean": 0.11233160149993263,
            "lo": 0.09278469032742698,
            "hi": 0.13187851267243822,
            "n": 5
          },
          "ece": {
            "mean": 0.03041132178492833,
            "lo": 0.014847176403530327,
            "hi": 0.04607971742480603,
            "n": 5
          },
          "roc_auc": {
            "mean": 0.5836643953769192,
            "lo": 0.5015712149962624,
            "hi": 0.6960739750445633,
            "n": 5
          },
          "pr_auc": {
            "mean": 0.8905780535877381,
            "lo": 0.8460813339634775,
            "hi": 0.9308100087630791,
            "n": 5
          }
        }
      ]
    },
    "group_by_paper": {
      "n_folds": 5,
      "models": [
        {
          "model": "M-only",
          "folds": 2,
          "accuracy": {
            "mean": 0.7733077905491699,
            "lo": 0.6206896551724138,
            "hi": 0.9259259259259259,
            "n": 2
          },
          "f1_macro": {
            "mean": 0.431873977086743,
            "lo": 0.3829787234042553,
            "hi": 0.4807692307692308,
            "n": 2
          },
          "brier": {
            "mean": 0.22019009011613166,
            "lo": 0.07258025257902148,
            "hi": 0.3677999276532419,
            "n": 2
          },
          "ece": {
            "mean": 0.2134684859076169,
            "lo": 0.06311674233099207,
            "hi": 0.36382022948424175,
            "n": 2
          },
          "roc_auc": {
            "mean": 0.34200757575757573,
            "lo": 0.22,
            "hi": 0.46401515151515144,
            "n": 2
          },
          "pr_auc": {
            "mean": 0.7540161067646247,
            "lo": 0.603952691270699,
            "hi": 0.9040795222585505,
            "n": 2
          }
        },
        {
          "model": "S-only",
          "folds": 2,
          "accuracy": {
            "mean": 0.7733077905491699,
            "lo": 0.6206896551724138,
            "hi": 0.9259259259259259,
            "n": 2
          },
          "f1_macro": {
            "mean": 0.431873977086743,
            "lo": 0.3829787234042553,
            "hi": 0.4807692307692308,
            "n": 2
          },
          "brier": {
            "mean": 0.22020893850571951,
            "lo": 0.07260802413507637,
            "hi": 0.36780985287636264,
            "n": 2
          },
          "ece": {
            "mean": 0.2133760965380091,
            "lo": 0.06291890628325258,
            "hi": 0.3638332867927656,
            "n": 2
          },
          "roc_auc": {
            "mean": 0.4290656565656566,
            "lo": 0.42000000000000004,
            "hi": 0.43813131313131315,
            "n": 2
          },
          "pr_auc": {
            "mean": 0.7579172481919638,
            "lo": 0.5905641950266697,
            "hi": 0.925270301357258,
            "n": 2
          }
        },
        {
          "model": "M+S",
          "folds": 2,
          "accuracy": {
            "mean": 0.7733077905491699,
            "lo": 0.6206896551724138,
            "hi": 0.9259259259259259,
            "n": 2
          },
          "f1_macro": {
            "mean": 0.431873977086743,
            "lo": 0.3829787234042553,
            "hi": 0.4807692307692308,
            "n": 2
          },
          "brier": {
            "mean": 0.2202046535021213,