{
  "n": 50,
  "rubric_v2_label_balance": {
    "supported": 17,
    "unsupported": 33
  },
  "pairwise_kappa_95ci": {
    "A_vs_B": {
      "mean": 0.7172859450726979,
      "lo": 0.5081930555148244,
      "hi": 0.8803827751196172
    },
    "A_vs_C": {
      "mean": 0.180327868852459,
      "lo": -0.10091743119266061,
      "hi": 0.44271939136588795
    },
    "A_vs_R2": {
      "mean": -0.04006163328197232,
      "lo": -0.2879588134869825,
      "hi": 0.20574886535552184
    },
    "B_vs_C": {
      "mean": 0.06504065040650409,
      "lo": -0.20977528969621048,
      "hi": 0.33333333333333337
    },
    "B_vs_R2": {
      "mean": -0.17004680187207488,
      "lo": -0.4196385063219718,
      "hi": 0.08677882211778816
    },
    "C_vs_R2": {
      "mean": 0.13533834586466165,
      "lo": -0.11510791366906492,
      "hi": 0.3681133852617099
    }
  },
  "vs_judge_kappa_95ci": {
    "A_vs_judge": {
      "mean": 0.72,
      "lo": 0.5105434172171261,
      "hi": 0.8803827751196172
    },
    "B_vs_judge": {
      "mean": 0.43999999999999995,
      "lo": 0.16000000000000003,
      "hi": 0.6794871794871795
    },
    "C_vs_judge": {
      "mean": -0.08000000000000007,
      "lo": -0.3378844114528102,
      "hi": 0.19487630482869828
    },
    "R2_vs_judge": {
      "mean": -0.040000000000000036,
      "lo": -0.29989404774041345,
      "hi": 0.22016603459964162
    }
  },
  "ensemble_majority_of_4": {
    "label_balance": {
      "supported": 34,
      "unsupported": 16
    },
    "vs_judge_kappa_95ci": {
      "mean": 0.48,
      "lo": 0.2612248718391798,
      "hi": 0.6925231145411472
    }
  }
}